<?xml version="1.0" encoding="UTF-8"?>
<GenRun Id="impl_1" LaunchPart="xc7a35tcpg236-1" LaunchTime="1586030664">
  <File Type="ROUTE-PWR" Name="Top_Student_power_routed.rpt"/>
  <File Type="PA-TCL" Name="Top_Student.tcl"/>
  <File Type="BITSTR-BMM" Name="Top_Student_bd.bmm"/>
  <File Type="ROUTE-PWR-SUM" Name="Top_Student_power_summary_routed.pb"/>
  <File Type="REPORTS-TCL" Name="Top_Student_reports.tcl"/>
  <File Type="OPT-DCP" Name="Top_Student_opt.dcp"/>
  <File Type="OPT-DRC" Name="Top_Student_drc_opted.rpt"/>
  <File Type="OPT-HWDEF" Name="Top_Student.hwdef"/>
  <File Type="PWROPT-DCP" Name="Top_Student_pwropt.dcp"/>
  <File Type="PLACE-DCP" Name="Top_Student_placed.dcp"/>
  <File Type="PLACE-IO" Name="Top_Student_io_placed.rpt"/>
  <File Type="PLACE-UTIL" Name="Top_Student_utilization_placed.rpt"/>
  <File Type="PLACE-UTIL-PB" Name="Top_Student_utilization_placed.pb"/>
  <File Type="PLACE-CTRL" Name="Top_Student_control_sets_placed.rpt"/>
  <File Type="PLACE-PRE-SIMILARITY" Name="Top_Student_incremental_reuse_pre_placed.rpt"/>
  <File Type="BG-BGN" Name="Top_Student.bgn"/>
  <File Type="POSTPLACE-PWROPT-DCP" Name="Top_Student_postplace_pwropt.dcp"/>
  <File Type="BG-BIN" Name="Top_Student.bin"/>
  <File Type="PHYSOPT-DCP" Name="Top_Student_physopt.dcp"/>
  <File Type="BITSTR-MSK" Name="Top_Student.msk"/>
  <File Type="ROUTE-ERROR-DCP" Name="Top_Student_routed_error.dcp"/>
  <File Type="ROUTE-DCP" Name="Top_Student_routed.dcp"/>
  <File Type="ROUTE-BLACKBOX-DCP" Name="Top_Student_routed_bb.dcp"/>
  <File Type="ROUTE-DRC" Name="Top_Student_drc_routed.rpt"/>
  <File Type="ROUTE-DRC-PB" Name="Top_Student_drc_routed.pb"/>
  <File Type="ROUTE-DRC-RPX" Name="Top_Student_drc_routed.rpx"/>
  <File Type="BITSTR-LTX" Name="Top_Student.ltx"/>
  <File Type="ROUTE-METHODOLOGY-DRC" Name="Top_Student_methodology_drc_routed.rpt"/>
  <File Type="BITSTR-MMI" Name="Top_Student.mmi"/>
  <File Type="ROUTE-METHODOLOGY-DRC-RPX" Name="Top_Student_methodology_drc_routed.rpx"/>
  <File Type="ROUTE-METHODOLOGY-DRC-PB" Name="Top_Student_methodology_drc_routed.pb"/>
  <File Type="BITSTR-SYSDEF" Name="Top_Student.sysdef"/>
  <File Type="ROUTE-PWR-RPX" Name="Top_Student_power_routed.rpx"/>
  <File Type="ROUTE-STATUS" Name="Top_Student_route_status.rpt"/>
  <File Type="ROUTE-STATUS-PB" Name="Top_Student_route_status.pb"/>
  <File Type="ROUTE-TIMINGSUMMARY" Name="Top_Student_timing_summary_routed.rpt"/>
  <File Type="ROUTE-TIMING-PB" Name="Top_Student_timing_summary_routed.pb"/>
  <File Type="ROUTE-TIMING-RPX" Name="Top_Student_timing_summary_routed.rpx"/>
  <File Type="ROUTE-CLK" Name="Top_Student_clock_utilization_routed.rpt"/>
  <File Type="ROUTE-BUS-SKEW" Name="Top_Student_bus_skew_routed.rpt"/>
  <File Type="ROUTE-BUS-SKEW-PB" Name="Top_Student_bus_skew_routed.pb"/>
  <File Type="ROUTE-BUS-SKEW-RPX" Name="Top_Student_bus_skew_routed.rpx"/>
  <File Type="POSTROUTE-PHYSOPT-DCP" Name="Top_Student_postroute_physopt.dcp"/>
  <File Type="POSTROUTE-PHYSOPT-BLACKBOX-DCP" Name="Top_Student_postroute_physopt_bb.dcp"/>
  <File Type="BG-BIT" Name="Top_Student.bit"/>
  <File Type="BITSTR-RBT" Name="Top_Student.rbt"/>
  <File Type="BITSTR-NKY" Name="Top_Student.nky"/>
  <File Type="BG-DRC" Name="Top_Student.drc"/>
  <File Type="RDI-RDI" Name="Top_Student.vdi"/>
  <File Type="WBT-USG" Name="usage_statistics_webtalk.html"/>
  <FileSet Name="sources" Type="DesignSrcs" RelSrcDir="$PSRCDIR/sources_1">
    <Filter Type="Srcs"/>
    <File Path="$PSRCDIR/sources_1/new/Audio_Capture.v">
      <FileInfo>
        <Attr Name="ImportPath" Val="$PPRDIR/../../../../../../NIHAO/NIHAO/SoundDisplay/SoundDisplay.srcs/sources_1/new/Audio_Capture.v"/>
        <Attr Name="ImportTime" Val="1570395503"/>
        <Attr Name="UsedIn" Val="synthesis"/>
        <Attr Name="UsedIn" Val="implementation"/>
        <Attr Name="UsedIn" Val="simulation"/>
      </FileInfo>
    </File>
    <File Path="$PSRCDIR/sources_1/new/Button.v">
      <FileInfo>
        <Attr Name="ImportPath" Val="$PPRDIR/../../../../../../NIHAO/NIHAO/SoundDisplay/SoundDisplay.srcs/sources_1/new/Button.v"/>
        <Attr Name="ImportTime" Val="1584455715"/>
        <Attr Name="UsedIn" Val="synthesis"/>
        <Attr Name="UsedIn" Val="implementation"/>
        <Attr Name="UsedIn" Val="simulation"/>
      </FileInfo>
    </File>
    <File Path="$PSRCDIR/sources_1/new/Circle.v">
      <FileInfo>
        <Attr Name="ImportPath" Val="$PPRDIR/../../../../SoundDisplay.srcs/sources_1/new/Circle.v"/>
        <Attr Name="ImportTime" Val="1586009657"/>
        <Attr Name="UsedIn" Val="synthesis"/>
        <Attr Name="UsedIn" Val="implementation"/>
        <Attr Name="UsedIn" Val="simulation"/>
      </FileInfo>
    </File>
    <File Path="$PSRCDIR/sources_1/new/DFF.v">
      <FileInfo>
        <Attr Name="ImportPath" Val="$PPRDIR/../../../../../../NIHAO/NIHAO/SoundDisplay/SoundDisplay.srcs/sources_1/new/DFF.v"/>
        <Attr Name="ImportTime" Val="1584455667"/>
        <Attr Name="UsedIn" Val="synthesis"/>
        <Attr Name="UsedIn" Val="implementation"/>
        <Attr Name="UsedIn" Val="simulation"/>
      </FileInfo>
    </File>
    <File Path="$PSRCDIR/sources_1/new/Dr_W_And_C.v">
      <FileInfo>
        <Attr Name="ImportPath" Val="$PPRDIR/../../../../SoundDisplay.srcs/sources_1/new/Dr_W_And_C.v"/>
        <Attr Name="ImportTime" Val="1586029590"/>
        <Attr Name="UsedIn" Val="synthesis"/>
        <Attr Name="UsedIn" Val="implementation"/>
        <Attr Name="UsedIn" Val="simulation"/>
      </FileInfo>
    </File>
    <File Path="$PSRCDIR/sources_1/new/EyeSight_test.v">
      <FileInfo>
        <Attr Name="ImportPath" Val="$PPRDIR/../../../../SoundDisplay.srcs/sources_1/new/EyeSight_test.v"/>
        <Attr Name="ImportTime" Val="1586020561"/>
        <Attr Name="UsedIn" Val="synthesis"/>
        <Attr Name="UsedIn" Val="implementation"/>
        <Attr Name="UsedIn" Val="simulation"/>
      </FileInfo>
    </File>
    <File Path="$PSRCDIR/sources_1/new/Led_Bar.v">
      <FileInfo>
        <Attr Name="ImportPath" Val="$PPRDIR/../../../../SoundDisplay.srcs/sources_1/new/Led_Bar.v"/>
        <Attr Name="ImportTime" Val="1585187390"/>
        <Attr Name="UsedIn" Val="synthesis"/>
        <Attr Name="UsedIn" Val="implementation"/>
        <Attr Name="UsedIn" Val="simulation"/>
      </FileInfo>
    </File>
    <File Path="$PSRCDIR/sources_1/new/Max_Intensity.v">
      <FileInfo>
        <Attr Name="ImportPath" Val="$PPRDIR/../../../../SoundDisplay.srcs/sources_1/new/Max_Intensity.v"/>
        <Attr Name="ImportTime" Val="1585904157"/>
        <Attr Name="UsedIn" Val="synthesis"/>
        <Attr Name="UsedIn" Val="implementation"/>
        <Attr Name="UsedIn" Val="simulation"/>
      </FileInfo>
    </File>
    <File Path="$PSRCDIR/sources_1/new/My_Volume_Bar.v">
      <FileInfo>
        <Attr Name="ImportPath" Val="$PPRDIR/../../../../SoundDisplay.srcs/sources_1/new/My_Volume_Bar.v"/>
        <Attr Name="ImportTime" Val="1585907186"/>
        <Attr Name="UsedIn" Val="synthesis"/>
        <Attr Name="UsedIn" Val="implementation"/>
        <Attr Name="UsedIn" Val="simulation"/>
      </FileInfo>
    </File>
    <File Path="$PSRCDIR/sources_1/new/NTU.v">
      <FileInfo>
        <Attr Name="ImportPath" Val="$PPRDIR/../../../../SoundDisplay.srcs/sources_1/new/NTU.v"/>
        <Attr Name="ImportTime" Val="1586007646"/>
        <Attr Name="UsedIn" Val="synthesis"/>
        <Attr Name="UsedIn" Val="implementation"/>
        <Attr Name="UsedIn" Val="simulation"/>
      </FileInfo>
    </File>
    <File Path="$PSRCDIR/sources_1/new/Oled_Display.v">
      <FileInfo>
        <Attr Name="ImportPath" Val="$PPRDIR/../../../../../../NIHAO/NIHAO/SoundDisplay/SoundDisplay.srcs/sources_1/new/Oled_Display.v"/>
        <Attr Name="ImportTime" Val="1570395512"/>
        <Attr Name="UsedIn" Val="synthesis"/>
        <Attr Name="UsedIn" Val="implementation"/>
        <Attr Name="UsedIn" Val="simulation"/>
      </FileInfo>
    </File>
    <File Path="$PSRCDIR/sources_1/new/Random_Num_Gen.v">
      <FileInfo>
        <Attr Name="ImportPath" Val="$PPRDIR/../../../../SoundDisplay.srcs/sources_1/new/Random_Num_Gen.v"/>
        <Attr Name="ImportTime" Val="1585993833"/>
        <Attr Name="UsedIn" Val="synthesis"/>
        <Attr Name="UsedIn" Val="implementation"/>
        <Attr Name="UsedIn" Val="simulation"/>
      </FileInfo>
    </File>
    <File Path="$PSRCDIR/sources_1/new/Segment_Display.v">
      <FileInfo>
        <Attr Name="ImportPath" Val="$PPRDIR/../../../../SoundDisplay.srcs/sources_1/new/Segment_Display.v"/>
        <Attr Name="ImportTime" Val="1585907206"/>
        <Attr Name="UsedIn" Val="synthesis"/>
        <Attr Name="UsedIn" Val="implementation"/>
        <Attr Name="UsedIn" Val="simulation"/>
      </FileInfo>
    </File>
    <File Path="$PSRCDIR/sources_1/new/clk20k.v">
      <FileInfo>
        <Attr Name="ImportPath" Val="$PPRDIR/../../../../../../NIHAO/NIHAO/SoundDisplay/SoundDisplay.srcs/sources_1/new/clk20k.v"/>
        <Attr Name="ImportTime" Val="1584455402"/>
        <Attr Name="UsedIn" Val="synthesis"/>
        <Attr Name="UsedIn" Val="implementation"/>
        <Attr Name="UsedIn" Val="simulation"/>
      </FileInfo>
    </File>
    <File Path="$PSRCDIR/sources_1/new/clk6p25m.v">
      <FileInfo>
        <Attr Name="ImportPath" Val="$PPRDIR/../../../../../../NIHAO/NIHAO/SoundDisplay/SoundDisplay.srcs/sources_1/new/clk6p25m.v"/>
        <Attr Name="ImportTime" Val="1584455629"/>
        <Attr Name="UsedIn" Val="synthesis"/>
        <Attr Name="UsedIn" Val="implementation"/>
        <Attr Name="UsedIn" Val="simulation"/>
      </FileInfo>
    </File>
    <File Path="$PSRCDIR/sources_1/new/name_seg.v">
      <FileInfo>
        <Attr Name="ImportPath" Val="$PPRDIR/../../../../SoundDisplay.srcs/sources_1/new/name_seg.v"/>
        <Attr Name="ImportTime" Val="1586029576"/>
        <Attr Name="UsedIn" Val="synthesis"/>
        <Attr Name="UsedIn" Val="implementation"/>
        <Attr Name="UsedIn" Val="simulation"/>
      </FileInfo>
    </File>
    <File Path="$PSRCDIR/sources_1/new/pwd_to_seg.v">
      <FileInfo>
        <Attr Name="ImportPath" Val="$PPRDIR/../../../../SoundDisplay.srcs/sources_1/new/pwd_to_seg.v"/>
        <Attr Name="ImportTime" Val="1585984003"/>
        <Attr Name="UsedIn" Val="synthesis"/>
        <Attr Name="UsedIn" Val="implementation"/>
        <Attr Name="UsedIn" Val="simulation"/>
      </FileInfo>
    </File>
    <File Path="$PSRCDIR/sources_1/new/spongeBOB.v">
      <FileInfo>
        <Attr Name="ImportPath" Val="$PPRDIR/../../../../SoundDisplay.srcs/sources_1/new/spongeBOB.v"/>
        <Attr Name="ImportTime" Val="1586012325"/>
        <Attr Name="UsedIn" Val="synthesis"/>
        <Attr Name="UsedIn" Val="implementation"/>
        <Attr Name="UsedIn" Val="simulation"/>
      </FileInfo>
    </File>
    <File Path="$PSRCDIR/sources_1/new/XC.mem">
      <FileInfo>
        <Attr Name="ImportPath" Val="$PPRDIR/../../../../SoundDisplay.srcs/sources_1/new/XC.mem"/>
        <Attr Name="ImportTime" Val="1585657533"/>
        <Attr Name="UsedIn" Val="synthesis"/>
        <Attr Name="UsedIn" Val="simulation"/>
      </FileInfo>
    </File>
    <File Path="$PSRCDIR/sources_1/new/S_UP.mem">
      <FileInfo>
        <Attr Name="ImportPath" Val="$PPRDIR/../../../../SoundDisplay.srcs/sources_1/new/S_UP.mem"/>
        <Attr Name="ImportTime" Val="1585978325"/>
        <Attr Name="UsedIn" Val="synthesis"/>
        <Attr Name="UsedIn" Val="simulation"/>
      </FileInfo>
    </File>
    <File Path="$PSRCDIR/sources_1/new/S_DOWN.mem">
      <FileInfo>
        <Attr Name="ImportPath" Val="$PPRDIR/../../../../SoundDisplay.srcs/sources_1/new/S_DOWN.mem"/>
        <Attr Name="ImportTime" Val="1585978333"/>
        <Attr Name="UsedIn" Val="synthesis"/>
        <Attr Name="UsedIn" Val="simulation"/>
      </FileInfo>
    </File>
    <File Path="$PSRCDIR/sources_1/new/S_LEFT.mem">
      <FileInfo>
        <Attr Name="ImportPath" Val="$PPRDIR/../../../../SoundDisplay.srcs/sources_1/new/S_LEFT.mem"/>
        <Attr Name="ImportTime" Val="1585978331"/>
        <Attr Name="UsedIn" Val="synthesis"/>
        <Attr Name="UsedIn" Val="simulation"/>
      </FileInfo>
    </File>
    <File Path="$PSRCDIR/sources_1/new/S_RIGHT.mem">
      <FileInfo>
        <Attr Name="ImportPath" Val="$PPRDIR/../../../../SoundDisplay.srcs/sources_1/new/S_RIGHT.mem"/>
        <Attr Name="ImportTime" Val="1585978329"/>
        <Attr Name="UsedIn" Val="synthesis"/>
        <Attr Name="UsedIn" Val="simulation"/>
      </FileInfo>
    </File>
    <File Path="$PSRCDIR/sources_1/new/D_DOWN.mem">
      <FileInfo>
        <Attr Name="ImportPath" Val="$PPRDIR/../../../../SoundDisplay.srcs/sources_1/new/D_DOWN.mem"/>
        <Attr Name="ImportTime" Val="1585978347"/>
        <Attr Name="UsedIn" Val="synthesis"/>
        <Attr Name="UsedIn" Val="simulation"/>
      </FileInfo>
    </File>
    <File Path="$PSRCDIR/sources_1/new/D_UP.mem">
      <FileInfo>
        <Attr Name="ImportPath" Val="$PPRDIR/../../../../SoundDisplay.srcs/sources_1/new/D_UP.mem"/>
        <Attr Name="ImportTime" Val="1585978342"/>
        <Attr Name="UsedIn" Val="synthesis"/>
        <Attr Name="UsedIn" Val="simulation"/>
      </FileInfo>
    </File>
    <File Path="$PSRCDIR/sources_1/new/D_LEFT.mem">
      <FileInfo>
        <Attr Name="ImportPath" Val="$PPRDIR/../../../../SoundDisplay.srcs/sources_1/new/D_LEFT.mem"/>
        <Attr Name="ImportTime" Val="1585978345"/>
        <Attr Name="UsedIn" Val="synthesis"/>
        <Attr Name="UsedIn" Val="simulation"/>
      </FileInfo>
    </File>
    <File Path="$PSRCDIR/sources_1/new/D_RIGHT.mem">
      <FileInfo>
        <Attr Name="ImportPath" Val="$PPRDIR/../../../../SoundDisplay.srcs/sources_1/new/D_RIGHT.mem"/>
        <Attr Name="ImportTime" Val="1585978344"/>
        <Attr Name="UsedIn" Val="synthesis"/>
        <Attr Name="UsedIn" Val="simulation"/>
      </FileInfo>
    </File>
    <File Path="$PSRCDIR/sources_1/new/E_LEFT.mem">
      <FileInfo>
        <Attr Name="ImportPath" Val="$PPRDIR/../../../../SoundDisplay.srcs/sources_1/new/E_LEFT.mem"/>
        <Attr Name="ImportTime" Val="1585978338"/>
        <Attr Name="UsedIn" Val="synthesis"/>
        <Attr Name="UsedIn" Val="simulation"/>
      </FileInfo>
    </File>
    <File Path="$PSRCDIR/sources_1/new/E_RIGHT.mem">
      <FileInfo>
        <Attr Name="ImportPath" Val="$PPRDIR/../../../../SoundDisplay.srcs/sources_1/new/E_RIGHT.mem"/>
        <Attr Name="ImportTime" Val="1585978336"/>
        <Attr Name="UsedIn" Val="synthesis"/>
        <Attr Name="UsedIn" Val="simulation"/>
      </FileInfo>
    </File>
    <File Path="$PSRCDIR/sources_1/new/E_UP.mem">
      <FileInfo>
        <Attr Name="ImportPath" Val="$PPRDIR/../../../../SoundDisplay.srcs/sources_1/new/E_UP.mem"/>
        <Attr Name="ImportTime" Val="1585978335"/>
        <Attr Name="UsedIn" Val="synthesis"/>
        <Attr Name="UsedIn" Val="simulation"/>
      </FileInfo>
    </File>
    <File Path="$PSRCDIR/sources_1/new/E_DOWN.mem">
      <FileInfo>
        <Attr Name="ImportPath" Val="$PPRDIR/../../../../SoundDisplay.srcs/sources_1/new/E_DOWN.mem"/>
        <Attr Name="ImportTime" Val="1585978340"/>
        <Attr Name="UsedIn" Val="synthesis"/>
        <Attr Name="UsedIn" Val="simulation"/>
      </FileInfo>
    </File>
    <File Path="$PSRCDIR/sources_1/new/C_UP.mem">
      <FileInfo>
        <Attr Name="ImportPath" Val="$PPRDIR/../../../../SoundDisplay.srcs/sources_1/new/C_UP.mem"/>
        <Attr Name="ImportTime" Val="1585978348"/>
        <Attr Name="UsedIn" Val="synthesis"/>
        <Attr Name="UsedIn" Val="simulation"/>
      </FileInfo>
    </File>
    <File Path="$PSRCDIR/sources_1/new/C_RIGHT.mem">
      <FileInfo>
        <Attr Name="ImportPath" Val="$PPRDIR/../../../../SoundDisplay.srcs/sources_1/new/C_RIGHT.mem"/>
        <Attr Name="ImportTime" Val="1585978350"/>
        <Attr Name="UsedIn" Val="synthesis"/>
        <Attr Name="UsedIn" Val="simulation"/>
      </FileInfo>
    </File>
    <File Path="$PSRCDIR/sources_1/new/C_DOWN.mem">
      <FileInfo>
        <Attr Name="ImportPath" Val="$PPRDIR/../../../../SoundDisplay.srcs/sources_1/new/C_DOWN.mem"/>
        <Attr Name="ImportTime" Val="1585978353"/>
        <Attr Name="UsedIn" Val="synthesis"/>
        <Attr Name="UsedIn" Val="simulation"/>
      </FileInfo>
    </File>
    <File Path="$PSRCDIR/sources_1/new/C_LEFT.mem">
      <FileInfo>
        <Attr Name="ImportPath" Val="$PPRDIR/../../../../SoundDisplay.srcs/sources_1/new/C_LEFT.mem"/>
        <Attr Name="ImportTime" Val="1585978352"/>
        <Attr Name="UsedIn" Val="synthesis"/>
        <Attr Name="UsedIn" Val="simulation"/>
      </FileInfo>
    </File>
    <File Path="$PSRCDIR/sources_1/new/B_UP.mem">
      <FileInfo>
        <Attr Name="ImportPath" Val="$PPRDIR/../../../../SoundDisplay.srcs/sources_1/new/B_UP.mem"/>
        <Attr Name="ImportTime" Val="1585978355"/>
        <Attr Name="UsedIn" Val="synthesis"/>
        <Attr Name="UsedIn" Val="simulation"/>
      </FileInfo>
    </File>
    <File Path="$PSRCDIR/sources_1/new/A_UP.mem">
      <FileInfo>
        <Attr Name="ImportPath" Val="$PPRDIR/../../../../SoundDisplay.srcs/sources_1/new/A_UP.mem"/>
        <Attr Name="ImportTime" Val="1585978360"/>
        <Attr Name="UsedIn" Val="synthesis"/>
        <Attr Name="UsedIn" Val="simulation"/>
      </FileInfo>
    </File>
    <File Path="$PSRCDIR/sources_1/new/B_LEFT.mem">
      <FileInfo>
        <Attr Name="ImportPath" Val="$PPRDIR/../../../../SoundDisplay.srcs/sources_1/new/B_LEFT.mem"/>
        <Attr Name="ImportTime" Val="1585978358"/>
        <Attr Name="UsedIn" Val="synthesis"/>
        <Attr Name="UsedIn" Val="simulation"/>
      </FileInfo>
    </File>
    <File Path="$PSRCDIR/sources_1/new/B_RIGHT.mem">
      <FileInfo>
        <Attr Name="ImportPath" Val="$PPRDIR/../../../../SoundDisplay.srcs/sources_1/new/B_RIGHT.mem"/>
        <Attr Name="ImportTime" Val="1585978356"/>
        <Attr Name="UsedIn" Val="synthesis"/>
        <Attr Name="UsedIn" Val="simulation"/>
      </FileInfo>
    </File>
    <File Path="$PSRCDIR/sources_1/new/A_DOWN.mem">
      <FileInfo>
        <Attr Name="ImportPath" Val="$PPRDIR/../../../../SoundDisplay.srcs/sources_1/new/A_DOWN.mem"/>
        <Attr Name="ImportTime" Val="1585978364"/>
        <Attr Name="UsedIn" Val="synthesis"/>
        <Attr Name="UsedIn" Val="simulation"/>
      </FileInfo>
    </File>
    <File Path="$PSRCDIR/sources_1/new/B_DOWN.mem">
      <FileInfo>
        <Attr Name="ImportPath" Val="$PPRDIR/../../../../SoundDisplay.srcs/sources_1/new/B_DOWN.mem"/>
        <Attr Name="ImportTime" Val="1585978359"/>
        <Attr Name="UsedIn" Val="synthesis"/>
        <Attr Name="UsedIn" Val="simulation"/>
      </FileInfo>
    </File>
    <File Path="$PSRCDIR/sources_1/new/A_RIGHT.mem">
      <FileInfo>
        <Attr Name="ImportPath" Val="$PPRDIR/../../../../SoundDisplay.srcs/sources_1/new/A_RIGHT.mem"/>
        <Attr Name="ImportTime" Val="1585978362"/>
        <Attr Name="UsedIn" Val="synthesis"/>
        <Attr Name="UsedIn" Val="simulation"/>
      </FileInfo>
    </File>
    <File Path="$PSRCDIR/sources_1/new/A_LEFT.mem">
      <FileInfo>
        <Attr Name="ImportPath" Val="$PPRDIR/../../../../SoundDisplay.srcs/sources_1/new/A_LEFT.mem"/>
        <Attr Name="ImportTime" Val="1585978363"/>
        <Attr Name="UsedIn" Val="synthesis"/>
        <Attr Name="UsedIn" Val="simulation"/>
      </FileInfo>
    </File>
    <File Path="$PSRCDIR/sources_1/new/picE.mem">
      <FileInfo>
        <Attr Name="ImportPath" Val="$PPRDIR/../../../../SoundDisplay.srcs/sources_1/new/picE.mem"/>
        <Attr Name="ImportTime" Val="1585982060"/>
        <Attr Name="UsedIn" Val="synthesis"/>
        <Attr Name="UsedIn" Val="simulation"/>
      </FileInfo>
    </File>
    <File Path="$PSRCDIR/sources_1/new/picD.mem">
      <FileInfo>
        <Attr Name="ImportPath" Val="$PPRDIR/../../../../SoundDisplay.srcs/sources_1/new/picD.mem"/>
        <Attr Name="ImportTime" Val="1585982050"/>
        <Attr Name="UsedIn" Val="synthesis"/>
        <Attr Name="UsedIn" Val="simulation"/>
      </FileInfo>
    </File>
    <File Path="$PSRCDIR/sources_1/new/picU.mem">
      <FileInfo>
        <Attr Name="ImportPath" Val="$PPRDIR/../../../../SoundDisplay.srcs/sources_1/new/picU.mem"/>
        <Attr Name="ImportTime" Val="1585982102"/>
        <Attr Name="UsedIn" Val="synthesis"/>
        <Attr Name="UsedIn" Val="simulation"/>
      </FileInfo>
    </File>
    <File Path="$PSRCDIR/sources_1/new/picC.mem">
      <FileInfo>
        <Attr Name="ImportPath" Val="$PPRDIR/../../../../SoundDisplay.srcs/sources_1/new/picC.mem"/>
        <Attr Name="ImportTime" Val="1585982041"/>
        <Attr Name="UsedIn" Val="synthesis"/>
        <Attr Name="UsedIn" Val="simulation"/>
      </FileInfo>
    </File>
    <File Path="$PSRCDIR/sources_1/new/picA.mem">
      <FileInfo>
        <Attr Name="ImportPath" Val="$PPRDIR/../../../../SoundDisplay.srcs/sources_1/new/picA.mem"/>
        <Attr Name="ImportTime" Val="1585982010"/>
        <Attr Name="UsedIn" Val="synthesis"/>
        <Attr Name="UsedIn" Val="simulation"/>
      </FileInfo>
    </File>
    <File Path="$PSRCDIR/sources_1/new/picB.mem">
      <FileInfo>
        <Attr Name="ImportPath" Val="$PPRDIR/../../../../SoundDisplay.srcs/sources_1/new/picB.mem"/>
        <Attr Name="ImportTime" Val="1585982021"/>
        <Attr Name="UsedIn" Val="synthesis"/>
        <Attr Name="UsedIn" Val="simulation"/>
      </FileInfo>
    </File>
    <File Path="$PSRCDIR/sources_1/new/picS.mem">
      <FileInfo>
        <Attr Name="ImportPath" Val="$PPRDIR/../../../../SoundDisplay.srcs/sources_1/new/picS.mem"/>
        <Attr Name="ImportTime" Val="1585982074"/>
        <Attr Name="UsedIn" Val="synthesis"/>
        <Attr Name="UsedIn" Val="simulation"/>
      </FileInfo>
    </File>
    <File Path="$PSRCDIR/sources_1/new/spongeBOB3.mem">
      <FileInfo>
        <Attr Name="ImportPath" Val="$PPRDIR/../../../../SoundDisplay.srcs/sources_1/new/spongeBOB3.mem"/>
        <Attr Name="ImportTime" Val="1586009328"/>
        <Attr Name="UsedIn" Val="synthesis"/>
        <Attr Name="UsedIn" Val="simulation"/>
      </FileInfo>
    </File>
    <File Path="$PSRCDIR/sources_1/new/spongeBOB1.mem">
      <FileInfo>
        <Attr Name="ImportPath" Val="$PPRDIR/../../../../SoundDisplay.srcs/sources_1/new/spongeBOB1.mem"/>
        <Attr Name="ImportTime" Val="1586009275"/>
        <Attr Name="UsedIn" Val="synthesis"/>
        <Attr Name="UsedIn" Val="simulation"/>
      </FileInfo>
    </File>
    <File Path="$PSRCDIR/sources_1/new/spongeBOB4.mem">
      <FileInfo>
        <Attr Name="ImportPath" Val="$PPRDIR/../../../../SoundDisplay.srcs/sources_1/new/spongeBOB4.mem"/>
        <Attr Name="ImportTime" Val="1586009362"/>
        <Attr Name="UsedIn" Val="synthesis"/>
        <Attr Name="UsedIn" Val="simulation"/>
      </FileInfo>
    </File>
    <File Path="$PSRCDIR/sources_1/new/spongeBOB2.mem">
      <FileInfo>
        <Attr Name="ImportPath" Val="$PPRDIR/../../../../SoundDisplay.srcs/sources_1/new/spongeBOB2.mem"/>
        <Attr Name="ImportTime" Val="1586009313"/>
        <Attr Name="UsedIn" Val="synthesis"/>
        <Attr Name="UsedIn" Val="simulation"/>
      </FileInfo>
    </File>
    <File Path="$PSRCDIR/sources_1/new/shoutPlz.mem">
      <FileInfo>
        <Attr Name="ImportPath" Val="$PPRDIR/../../../../SoundDisplay.srcs/sources_1/new/shoutPlz.mem"/>
        <Attr Name="ImportTime" Val="1585983849"/>
        <Attr Name="UsedIn" Val="synthesis"/>
        <Attr Name="UsedIn" Val="simulation"/>
      </FileInfo>
    </File>
    <File Path="$PSRCDIR/sources_1/new/shoutDone.mem">
      <FileInfo>
        <Attr Name="ImportPath" Val="$PPRDIR/../../../../SoundDisplay.srcs/sources_1/new/shoutDone.mem"/>
        <Attr Name="ImportTime" Val="1585983839"/>
        <Attr Name="UsedIn" Val="synthesis"/>
        <Attr Name="UsedIn" Val="simulation"/>
      </FileInfo>
    </File>
    <File Path="$PSRCDIR/sources_1/new/quietDone.mem">
      <FileInfo>
        <Attr Name="ImportPath" Val="$PPRDIR/../../../../SoundDisplay.srcs/sources_1/new/quietDone.mem"/>
        <Attr Name="ImportTime" Val="1585983784"/>
        <Attr Name="UsedIn" Val="synthesis"/>
        <Attr Name="UsedIn" Val="simulation"/>
      </FileInfo>
    </File>
    <File Path="$PSRCDIR/sources_1/new/NotDone.mem">
      <FileInfo>
        <Attr Name="ImportPath" Val="$PPRDIR/../../../../SoundDisplay.srcs/sources_1/new/NotDone.mem"/>
        <Attr Name="ImportTime" Val="1585983881"/>
        <Attr Name="UsedIn" Val="synthesis"/>
        <Attr Name="UsedIn" Val="simulation"/>
      </FileInfo>
    </File>
    <File Path="$PSRCDIR/sources_1/new/Done.mem">
      <FileInfo>
        <Attr Name="ImportPath" Val="$PPRDIR/../../../../SoundDisplay.srcs/sources_1/new/Done.mem"/>
        <Attr Name="ImportTime" Val="1585983870"/>
        <Attr Name="UsedIn" Val="synthesis"/>
        <Attr Name="UsedIn" Val="simulation"/>
      </FileInfo>
    </File>
    <File Path="$PSRCDIR/sources_1/new/quietPlz.mem">
      <FileInfo>
        <Attr Name="ImportPath" Val="$PPRDIR/../../../../SoundDisplay.srcs/sources_1/new/quietPlz.mem"/>
        <Attr Name="ImportTime" Val="1586007574"/>
        <Attr Name="UsedIn" Val="synthesis"/>
        <Attr Name="UsedIn" Val="simulation"/>
      </FileInfo>
    </File>
    <File Path="$PSRCDIR/sources_1/new/Chua.mem">
      <FileInfo>
        <Attr Name="ImportPath" Val="$PPRDIR/../../../../SoundDisplay.srcs/sources_1/new/Chua.mem"/>
        <Attr Name="ImportTime" Val="1586009385"/>
        <Attr Name="UsedIn" Val="synthesis"/>
        <Attr Name="UsedIn" Val="simulation"/>
      </FileInfo>
    </File>
    <File Path="$PSRCDIR/sources_1/new/Wong.mem">
      <FileInfo>
        <Attr Name="ImportPath" Val="$PPRDIR/../../../../SoundDisplay.srcs/sources_1/new/Wong.mem"/>
        <Attr Name="ImportTime" Val="1586009400"/>
        <Attr Name="UsedIn" Val="synthesis"/>
        <Attr Name="UsedIn" Val="simulation"/>
      </FileInfo>
    </File>
    <File Path="$PSRCDIR/sources_1/new/NUS.mem">
      <FileInfo>
        <Attr Name="ImportPath" Val="$PPRDIR/../../../../SoundDisplay.srcs/sources_1/new/NUS.mem"/>
        <Attr Name="ImportTime" Val="1586009422"/>
        <Attr Name="UsedIn" Val="synthesis"/>
        <Attr Name="UsedIn" Val="simulation"/>
      </FileInfo>
    </File>
    <File Path="$PSRCDIR/sources_1/new/qn.mem">
      <FileInfo>
        <Attr Name="ImportPath" Val="$PPRDIR/../../../../SoundDisplay.srcs/sources_1/new/qn.mem"/>
        <Attr Name="ImportTime" Val="1585991141"/>
        <Attr Name="UsedIn" Val="synthesis"/>
        <Attr Name="UsedIn" Val="simulation"/>
      </FileInfo>
    </File>
    <File Path="$PSRCDIR/sources_1/new/Top_Student.v">
      <FileInfo>
        <Attr Name="ImportPath" Val="$PPRDIR/../../../../SoundDisplay.srcs/sources_1/new/Top_Student.v"/>
        <Attr Name="ImportTime" Val="1586060152"/>
        <Attr Name="UsedIn" Val="synthesis"/>
        <Attr Name="UsedIn" Val="implementation"/>
        <Attr Name="UsedIn" Val="simulation"/>
      </FileInfo>
    </File>
    <Config>
      <Option Name="DesignMode" Val="RTL"/>
      <Option Name="TopModule" Val="Top_Student"/>
    </Config>
  </FileSet>
  <FileSet Name="constrs_in" Type="Constrs" RelSrcDir="$PSRCDIR/constrs_1">
    <Filter Type="Constrs"/>
    <File Path="$PSRCDIR/constrs_1/new/Basys3_Master.xdc">
      <FileInfo>
        <Attr Name="ImportPath" Val="$PPRDIR/../../../../../../NIHAO/NIHAO/SoundDisplay/SoundDisplay.srcs/constrs_1/new/Basys3_Master.xdc"/>
        <Attr Name="ImportTime" Val="1570394606"/>
        <Attr Name="UsedIn" Val="synthesis"/>
        <Attr Name="UsedIn" Val="implementation"/>
      </FileInfo>
    </File>
    <Config>
      <Option Name="ConstrsType" Val="XDC"/>
    </Config>
  </FileSet>
  <Strategy Version="1" Minor="2">
    <StratHandle Name="Vivado Implementation Defaults" Flow="Vivado Implementation 2018"/>
    <Step Id="init_design"/>
    <Step Id="opt_design"/>
    <Step Id="power_opt_design"/>
    <Step Id="place_design"/>
    <Step Id="post_place_power_opt_design"/>
    <Step Id="phys_opt_design"/>
    <Step Id="route_design"/>
    <Step Id="post_route_phys_opt_design"/>
    <Step Id="write_bitstream"/>
  </Strategy>
</GenRun>
